{"android.txt": {"/Computers & Electronics": 0.800000011920929, "/Internet & Telecom/Mobile & Wireless/Mobile Apps & Add-Ons": 0.6499999761581421}, "google.txt": {"/Internet & Telecom": 0.5799999833106995, "/Business & Industrial": 0.5400000214576721}, "eclipse_of_the_sun.txt": {"/Books & Literature": 0.8999999761581421}, "eclipse.txt": {"/Science/Astronomy": 0.9800000190734863}, "gcp.txt": {"/Internet & Telecom/Web Services": 0.9700000286102295}}