west,south,east,north
-123.26143117162316,39.130692612214816,-117.63643117162316,37.05582768877082
5.366498515876841,46.33232088684549,9.14579539087684,44.7004771091578